{"e":"kline","E":1619322226848,"s":"BTCUSDT","k":{"t":1619322180000,"T":1619322239999,"s":"BTCUSDT","i":"1m","f":790447051,"L":790447779,"o":"49772.49000000","c":"49831.30000000","h":"49846.98000000","l":"49772.48000000","v":"21.89460700","n":729,"x":false,"q":"1090484.85857623","V":"13.83573100","Q":"689100.04570849","B":"0"}}
{"e":"kline","E":1619322229879,"s":"BTCUSDT","k":{"t":1619322180000,"T":1619322239999,"s":"BTCUSDT","i":"1m","f":790447051,"L":790447786,"o":"49772.49000000","c":"49838.18000000","h":"49846.98000000","l":"49772.48000000","v":"21.94163200","n":736,"x":false,"q":"1092828.44854287","V":"13.84468900","Q":"689546.44567707","B":"0"}}
{"e":"kline","E":1619322232245,"s":"BTCUSDT","k":{"t":1619322180000,"T":1619322239999,"s":"BTCUSDT","i":"1m","f":790447051,"L":790447800,"o":"49772.49000000","c":"49843.41000000","h":"49846.98000000","l":"49772.48000000","v":"22.43017600","n":750,"x":false,"q":"1117177.48786808","V":"13.86761200","Q":"690688.84052684","B":"0"}}
{"e":"kline","E":1619322234317,"s":"BTCUSDT","k":{"t":1619322180000,"T":1619322239999,"s":"BTCUSDT","i":"1m","f":790447051,"L":790447827,"o":"49772.49000000","c":"49855.86000000","h":"49855.86000000","l":"49772.48000000","v":"23.55090600","n":777,"x":false,"q":"1173041.79626903","V":"14.96576700","Q":"745427.93394704","B":"0"}}
{"e":"kline","E":1619322236410,"s":"BTCUSDT","k":{"t":1619322180000,"T":1619322239999,"s":"BTCUSDT","i":"1m","f":790447051,"L":790447850,"o":"49772.49000000","c":"49871.66000000","h":"49871.66000000","l":"49772.48000000","v":"24.63593900","n":800,"x":false,"q":"1227141.92742927","V":"16.03395000","Q":"798687.92786054","B":"0"}}
{"e":"kline","E":1619322238697,"s":"BTCUSDT","k":{"t":1619322180000,"T":1619322239999,"s":"BTCUSDT","i":"1m","f":790447051,"L":790447877,"o":"49772.49000000","c":"49874.24000000","h":"49874.30000000","l":"49772.48000000","v":"26.46614200","n":827,"x":false,"q":"1318420.86233524","V":"16.40587100","Q":"817236.15835750","B":"0"}}
{"e":"kline","E":1619322240118,"s":"BTCUSDT","k":{"t":1619322180000,"T":1619322239999,"s":"BTCUSDT","i":"1m","f":790447051,"L":790447896,"o":"49772.49000000","c":"49884.28000000","h":"49884.28000000","l":"49772.48000000","v":"26.82088200","n":846,"x":true,"q":"1336114.73957195","V":"16.65060100","Q":"829442.34422993","B":"0"}}
{"e":"kline","E":1619322242175,"s":"BTCUSDT","k":{"t":1619322240000,"T":1619322299999,"s":"BTCUSDT","i":"1m","f":790447897,"L":790447914,"o":"49882.13000000","c":"49878.08000000","h":"49882.13000000","l":"49870.33000000","v":"0.53925400","n":18,"x":false,"q":"26895.48475855","V":"0.21705800","Q":"10826.51722087","B":"0"}}
{"e":"kline","E":1619322244225,"s":"BTCUSDT","k":{"t":1619322240000,"T":1619322299999,"s":"BTCUSDT","i":"1m","f":790447897,"L":790447943,"o":"49882.13000000","c":"49864.33000000","h":"49882.13000000","l":"49861.82000000","v":"1.23379600","n":47,"x":false,"q":"61532.01082935","V":"0.55056500","Q":"27457.64505485","B":"0"}}
{"e":"kline","E":1619322246471,"s":"BTCUSDT","k":{"t":1619322240000,"T":1619322299999,"s":"BTCUSDT","i":"1m","f":790447897,"L":790447956,"o":"49882.13000000","c":"49853.46000000","h":"49882.13000000","l":"49853.25000000","v":"1.37080900","n":60,"x":false,"q":"68363.12941123","V":"0.56242500","Q":"28048.94896007","B":"0"}}
{"e":"kline","E":1619322248937,"s":"BTCUSDT","k":{"t":1619322240000,"T":1619322299999,"s":"BTCUSDT","i":"1m","f":790447897,"L":790447965,"o":"49882.13000000","c":"49848.48000000","h":"49882.13000000","l":"49848.48000000","v":"1.40642900","n":69,"x":false,"q":"70138.89015652","V":"0.58925800","Q":"29386.64744021","B":"0"}}
{"e":"kline","E":1619322251018,"s":"BTCUSDT","k":{"t":1619322240000,"T":1619322299999,"s":"BTCUSDT","i":"1m","f":790447897,"L":790447983,"o":"49882.13000000","c":"49869.34000000","h":"49882.13000000","l":"49848.48000000","v":"1.83260400","n":87,"x":false,"q":"91386.95076229","V":"0.86042300","Q":"42906.38122590","B":"0"}}
{"e":"kline","E":1619322253076,"s":"BTCUSDT","k":{"t":1619322240000,"T":1619322299999,"s":"BTCUSDT","i":"1m","f":790447897,"L":790448001,"o":"49882.13000000","c":"49886.47000000","h":"49886.48000000","l":"49848.48000000","v":"2.91609200","n":105,"x":false,"q":"145427.57761788","V":"1.56220400","Q":"77905.05775814","B":"0"}}
{"e":"kline","E":1619322255227,"s":"BTCUSDT","k":{"t":1619322240000,"T":1619322299999,"s":"BTCUSDT","i":"1m","f":790447897,"L":790448013,"o":"49882.13000000","c":"49883.04000000","h":"49886.48000000","l":"49848.48000000","v":"3.15402700","n":117,"x":false,"q":"157296.51926263","V":"1.60320600","Q":"79950.28537424","B":"0"}}
{"e":"kline","E":1619322257319,"s":"BTCUSDT","k":{"t":1619322240000,"T":1619322299999,"s":"BTCUSDT","i":"1m","f":790447897,"L":790448038,"o":"49882.13000000","c":"49893.30000000","h":"49893.30000000","l":"49848.48000000","v":"3.36004500","n":142,"x":false,"q":"167574.70266313","V":"1.74374600","Q":"86961.68003636","B":"0"}}
{"e":"kline","E":1619322259523,"s":"BTCUSDT","k":{"t":1619322240000,"T":1619322299999,"s":"BTCUSDT","i":"1m","f":790447897,"L":790448066,"o":"49882.13000000","c":"49891.50000000","h":"49893.30000000","l":"49848.48000000","v":"4.17443600","n":170,"x":false,"q":"208206.43146644","V":"1.88957500","Q":"94237.30904815","B":"0"}}
{"e":"kline","E":1619322261875,"s":"BTCUSDT","k":{"t":1619322240000,"T":1619322299999,"s":"BTCUSDT","i":"1m","f":790447897,"L":790448092,"o":"49882.13000000","c":"49886.53000000","h":"49893.30000000","l":"49848.48000000","v":"7.03849800","n":196,"x":false,"q":"351093.72137246","V":"2.35721500","Q":"117566.57601128","B":"0"}}
{"e":"kline","E":1619322264022,"s":"BTCUSDT","k":{"t":1619322240000,"T":1619322299999,"s":"BTCUSDT","i":"1m","f":790447897,"L":790448109,"o":"49882.13000000","c":"49882.03000000","h":"49893.30000000","l":"49848.48000000","v":"8.68792600","n":213,"x":false,"q":"433379.89015194","V":"2.36785900","Q":"118097.52337445","B":"0"}}
{"e":"kline","E":1619322266219,"s":"BTCUSDT","k":{"t":1619322240000,"T":1619322299999,"s":"BTCUSDT","i":"1m","f":790447897,"L":790448128,"o":"49882.13000000","c":"49873.78000000","h":"49893.30000000","l":"49848.48000000","v":"9.07829800","n":232,"x":false,"q":"452851.57407537","V":"2.44097700","Q":"121744.36428591","B":"0"}}
{"e":"kline","E":1619322268229,"s":"BTCUSDT","k":{"t":1619322240000,"T":1619322299999,"s":"BTCUSDT","i":"1m","f":790447897,"L":790448137,"o":"49882.13000000","c":"49869.35000000","h":"49893.30000000","l":"49848.48000000","v":"9.12675600","n":241,"x":false,"q":"455268.14313312","V":"2.45052200","Q":"122220.36732711","B":"0"}}
{"e":"kline","E":1619322270331,"s":"BTCUSDT","k":{"t":1619322240000,"T":1619322299999,"s":"BTCUSDT","i":"1m","f":790447897,"L":790448160,"o":"49882.13000000","c":"49838.84000000","h":"49893.30000000","l":"49837.22000000","v":"9.53421900","n":264,"x":false,"q":"475579.45836593","V":"2.62915600","Q":"131123.09100769","B":"0"}}
{"e":"kline","E":1619322272997,"s":"BTCUSDT","k":{"t":1619322240000,"T":1619322299999,"s":"BTCUSDT","i":"1m","f":790447897,"L":790448171,"o":"49882.13000000","c":"49845.67000000","h":"49893.30000000","l":"49837.22000000","v":"10.04871700","n":275,"x":false,"q":"501226.20459862","V":"2.63910600","Q":"131619.12016332","B":"0"}}
{"e":"kline","E":1619322275060,"s":"BTCUSDT","k":{"t":1619322240000,"T":1619322299999,"s":"BTCUSDT","i":"1m","f":790447897,"L":790448182,"o":"49882.13000000","c":"49852.33000000","h":"49893.30000000","l":"49837.22000000","v":"10.40439300","n":286,"x":false,"q":"518956.21151455","V":"2.94553200","Q":"146894.08583953","B":"0"}}
{"e":"kline","E":1619322277580,"s":"BTCUSDT","k":{"t":1619322240000,"T":1619322299999,"s":"BTCUSDT","i":"1m","f":790447897,"L":790448192,"o":"49882.13000000","c":"49844.69000000","h":"49893.30000000","l":"49837.22000000","v":"10.49116300","n":296,"x":false,"q":"523281.98217652","V":"2.98415000","Q":"148819.08692529","B":"0"}}
{"e":"kline","E":1619322279618,"s":"BTCUSDT","k":{"t":1619322240000,"T":1619322299999,"s":"BTCUSDT","i":"1m","f":790447897,"L":790448199,"o":"49882.13000000","c":"49844.60000000","h":"49893.30000000","l":"49837.22000000","v":"10.60770000","n":303,"x":false,"q":"529090.70249642","V":"2.98415000","Q":"148819.08692529","B":"0"}}
{"e":"kline","E":1619322281842,"s":"BTCUSDT","k":{"t":1619322240000,"T":1619322299999,"s":"BTCUSDT","i":"1m","f":790447897,"L":790448222,"o":"49882.13000000","c":"49830.59000000","h":"49893.30000000","l":"49830.59000000","v":"10.86562600","n":326,"x":false,"q":"541945.58493110","V":"3.04916300","Q":"152058.73096355","B":"0"}}
{"e":"kline","E":1619322283899,"s":"BTCUSDT","k":{"t":1619322240000,"T":1619322299999,"s":"BTCUSDT","i":"1m","f":790447897,"L":790448227,"o":"49882.13000000","c":"49830.59000000","h":"49893.30000000","l":"49830.59000000","v":"10.98742900","n":331,"x":false,"q":"548015.10031032","V":"3.05170800","Q":"152185.54984055","B":"0"}}
{"e":"kline","E":1619322285944,"s":"BTCUSDT","k":{"t":1619322240000,"T":1619322299999,"s":"BTCUSDT","i":"1m","f":790447897,"L":790448240,"o":"49882.13000000","c":"49828.80000000","h":"49893.30000000","l":"49828.80000000","v":"11.47490300","n":344,"x":false,"q":"572306.02126401","V":"3.05588800","Q":"152393.83426635","B":"0"}}
{"e":"kline","E":1619322288051,"s":"BTCUSDT","k":{"t":1619322240000,"T":1619322299999,"s":"BTCUSDT","i":"1m","f":790447897,"L":790448269,"o":"49882.13000000","c":"49813.84000000","h":"49893.30000000","l":"49813.83000000","v":"12.78807100","n":373,"x":false,"q":"637730.78203187","V":"3.07235200","Q":"153213.99360690","B":"0"}}
{"e":"kline","E":1619322290539,"s":"BTCUSDT","k":{"t":1619322240000,"T":1619322299999,"s":"BTCUSDT","i":"1m","f":790447897,"L":790448277,"o":"49882.13000000","c":"49813.83000000","h":"49893.30000000","l":"49813.83000000","v":"12.82175600","n":381,"x":false,"q":"639408.76099350","V":"3.08216000","Q":"153702.56774962","B":"0"}}
{"e":"kline","E":1619322292888,"s":"BTCUSDT","k":{"t":1619322240000,"T":1619322299999,"s":"BTCUSDT","i":"1m","f":790447897,"L":790448301,"o":"49882.13000000","c":"49813.09000000","h":"49893.30000000","l":"49813.09000000","v":"17.85203700","n":405,"x":false,"q":"889999.48932377","V":"3.41284300","Q":"170174.95958934","B":"0"}}
{"e":"kline","E":1619322295090,"s":"BTCUSDT","k":{"t":1619322240000,"T":1619322299999,"s":"BTCUSDT","i":"1m","f":790447897,"L":790448312,"o":"49882.13000000","c":"49813.09000000","h":"49893.30000000","l":"49813.08000000","v":"17.89818000","n":416,"x":false,"q":"892298.01466822","V":"3.45224400","Q":"172137.64514843","B":"0"}}
{"e":"kline","E":1619322297367,"s":"BTCUSDT","k":{"t":1619322240000,"T":1619322299999,"s":"BTCUSDT","i":"1m","f":790447897,"L":790448317,"o":"49882.13000000","c":"49813.08000000","h":"49893.30000000","l":"49813.08000000","v":"17.91757700","n":421,"x":false,"q":"893264.23898418","V":"3.45256400","Q":"172153.58533723","B":"0"}}
{"e":"kline","E":1619322299662,"s":"BTCUSDT","k":{"t":1619322240000,"T":1619322299999,"s":"BTCUSDT","i":"1m","f":790447897,"L":790448325,"o":"49882.13000000","c":"49811.93000000","h":"49893.30000000","l":"49811.93000000","v":"17.99402800","n":429,"x":false,"q":"897072.43955862","V":"3.46646600","Q":"172846.07092711","B":"0"}}
{"e":"kline","E":1619322300332,"s":"BTCUSDT","k":{"t":1619322240000,"T":1619322299999,"s":"BTCUSDT","i":"1m","f":790447897,"L":790448327,"o":"49882.13000000","c":"49811.94000000","h":"49893.30000000","l":"49811.93000000","v":"18.00023800","n":431,"x":true,"q":"897381.77170602","V":"3.47267600","Q":"173155.40307451","B":"0"}}
{"e":"kline","E":1619322302399,"s":"BTCUSDT","k":{"t":1619322300000,"T":1619322359999,"s":"BTCUSDT","i":"1m","f":790448328,"L":790448345,"o":"49811.93000000","c":"49811.93000000","h":"49811.94000000","l":"49811.93000000","v":"0.55742200","n":18,"x":false,"q":"27766.27037262","V":"0.47281600","Q":"23551.88222304","B":"0"}}
{"e":"kline","E":1619322304578,"s":"BTCUSDT","k":{"t":1619322300000,"T":1619322359999,"s":"BTCUSDT","i":"1m","f":790448328,"L":790448379,"o":"49811.93000000","c":"49830.59000000","h":"49830.59000000","l":"49811.93000000","v":"2.67424800","n":52,"x":false,"q":"133217.56016696","V":"2.33138700","Q":"116138.41493788","B":"0"}}
{"e":"kline","E":1619322306624,"s":"BTCUSDT","k":{"t":1619322300000,"T":1619322359999,"s":"BTCUSDT","i":"1m","f":790448328,"L":790448410,"o":"49811.93000000","c":"49830.58000000","h":"49830.59000000","l":"49811.93000000","v":"7.54644000","n":83,"x":false,"q":"376001.75809504","V":"6.80105900","Q":"338864.80780436","B":"0"}}
{"e":"kline","E":1619322308913,"s":"BTCUSDT","k":{"t":1619322300000,"T":1619322359999,"s":"BTCUSDT","i":"1m","f":790448328,"L":790448434,"o":"49811.93000000","c":"49830.59000000","h":"49830.59000000","l":"49811.93000000","v":"12.36430000","n":107,"x":false,"q":"616069.18373036","V":"9.01774800","Q":"449314.37383050","B":"0"}}
{"e":"kline","E":1619322310946,"s":"BTCUSDT","k":{"t":1619322300000,"T":1619322359999,"s":"BTCUSDT","i":"1m","f":790448328,"L":790448446,"o":"49811.93000000","c":"49830.59000000","h":"49830.59000000","l":"49811.93000000","v":"13.48961600","n":119,"x":false,"q":"672144.34394680","V":"10.14306400","Q":"505389.53404694","B":"0"}}
{"e":"kline","E":1619322313142,"s":"BTCUSDT","k":{"t":1619322300000,"T":1619322359999,"s":"BTCUSDT","i":"1m","f":790448328,"L":790448480,"o":"49811.93000000","c":"49855.44000000","h":"49855.44000000","l":"49811.93000000","v":"15.42060300","n":153,"x":false,"q":"768383.00197866","V":"11.86631900","Q":"591274.53629379","B":"0"}}
{"e":"kline","E":1619322315234,"s":"BTCUSDT","k":{"t":1619322300000,"T":1619322359999,"s":"BTCUSDT","i":"1m","f":790448328,"L":790448491,"o":"49811.93000000","c":"49830.92000000","h":"49855.44000000","l":"49811.93000000","v":"16.22382700","n":164,"x":false,"q":"808422.30307648","V":"11.98679400","Q":"597278.49072201","B":"0"}}
{"e":"kline","E":1619322317490,"s":"BTCUSDT","k":{"t":1619322300000,"T":1619322359999,"s":"BTCUSDT","i":"1m","f":790448328,"L":790448503,"o":"49811.93000000","c":"49826.33000000","h":"49855.44000000","l":"49811.93000000","v":"16.83423900","n":176,"x":false,"q":"838834.03511850","V":"12.42280400","Q":"619000.71645985","B":"0"}}
{"e":"kline","E":1619322319749,"s":"BTCUSDT","k":{"t":1619322300000,"T":1619322359999,"s":"BTCUSDT","i":"1m","f":790448328,"L":790448510,"o":"49811.93000000","c":"49826.33000000","h":"49855.44000000","l":"49811.93000000","v":"17.02296100","n":183,"x":false,"q":"848237.35975367","V":"12.61001700","Q":"628328.85317814","B":"0"}}
{"e":"kline","E":1619322321996,"s":"BTCUSDT","k":{"t":1619322300000,"T":1619322359999,"s":"BTCUSDT","i":"1m","f":790448328,"L":790448530,"o":"49811.93000000","c":"49841.19000000","h":"49855.44000000","l":"49811.93000000","v":"17.94922800","n":203,"x":false,"q":"894398.09013082","V":"13.53193200","Q":"674272.67183359","B":"0"}}
{"e":"kline","E":1619322324200,"s":"BTCUSDT","k":{"t":1619322300000,"T":1619322359999,"s":"BTCUSDT","i":"1m","f":790448328,"L":790448540,"o":"49811.93000000","c":"49841.19000000","h":"49855.44000000","l":"49811.93000000","v":"18.09305500","n":213,"x":false,"q":"901566.60019573","V":"13.65501000","Q":"680407.02704719","B":"0"}}
{"e":"kline","E":1619322326212,"s":"BTCUSDT","k":{"t":1619322300000,"T":1619322359999,"s":"BTCUSDT","i":"1m","f":790448328,"L":790448563,"o":"49811.93000000","c":"49826.34000000","h":"49855.44000000","l":"49811.93000000","v":"19.27077800","n":236,"x":false,"q":"960262.76783219","V":"13.89605900","Q":"692418.69828229","B":"0"}}
{"e":"kline","E":1619322328220,"s":"BTCUSDT","k":{"t":1619322300000,"T":1619322359999,"s":"BTCUSDT","i":"1m","f":790448328,"L":790448576,"o":"49811.93000000","c":"49826.34000000","h":"49855.44000000","l":"49811.93000000","v":"19.65052100","n":249,"x":false,"q":"979183.96945095","V":"14.05461600","Q":"700319.01327367","B":"0"}}
{"e":"kline","E":1619322330223,"s":"BTCUSDT","k":{"t":1619322300000,"T":1619322359999,"s":"BTCUSDT","i":"1m","f":790448328,"L":790448609,"o":"49811.93000000","c":"49816.72000000","h":"49855.44000000","l":"49811.93000000","v":"20.90503700","n":282,"x":false,"q":"1041690.57529280","V":"14.29091000","Q":"712091.58597285","B":"0"}}
{"e":"kline","E":1619322332302,"s":"BTCUSDT","k":{"t":1619322300000,"T":1619322359999,"s":"BTCUSDT","i":"1m","f":790448328,"L":790448639,"o":"49811.93000000","c":"49816.72000000","h":"49855.44000000","l":"49808.23000000","v":"21.58391600","n":312,"x":false,"q":"1075506.60959360","V":"14.75870400","Q":"735392.63788128","B":"0"}}
{"e":"kline","E":1619322334551,"s":"BTCUSDT","k":{"t":1619322300000,"T":1619322359999,"s":"BTCUSDT","i":"1m","f":790448328,"L":790448717,"o":"49811.93000000","c":"49801.00000000","h":"49855.44000000","l":"49801.00000000","v":"23.75251600","n":390,"x":false,"q":"1183531.45757088","V":"15.84882500","Q":"789697.64962127","B":"0"}}
{"e":"kline","E":1619322336832,"s":"BTCUSDT","k":{"t":1619322300000,"T":1619322359999,"s":"BTCUSDT","i":"1m","f":790448328,"L":790448741,"o":"49811.93000000","c":"49810.94000000","h":"49855.44000000","l":"49799.74000000","v":"24.75683600","n":414,"x":false,"q":"1233547.98964178","V":"16.70455100","Q":"832314.13496089","B":"0"}}
{"e":"kline","E":1619322339248,"s":"BTCUSDT","k":{"t":1619322300000,"T":1619322359999,"s":"BTCUSDT","i":"1m","f":790448328,"L":790448757,"o":"49811.93000000","c":"49818.52000000","h":"49855.44000000","l":"49799.74000000","v":"24.93161100","n":430,"x":false,"q":"1242254.03339547","V":"16.77162100","Q":"835655.03308470","B":"0"}}
{"e":"kline","E":1619322341700,"s":"BTCUSDT","k":{"t":1619322300000,"T":1619322359999,"s":"BTCUSDT","i":"1m","f":790448328,"L":790448775,"o":"49811.93000000","c":"49801.02000000","h":"49855.44000000","l":"49798.80000000","v":"25.96205500","n":448,"x":false,"q":"1293580.24367657","V":"17.21204600","Q":"857588.68228456","B":"0"}}
{"e":"kline","E":1619322344258,"s":"BTCUSDT","k":{"t":1619322300000,"T":1619322359999,"s":"BTCUSDT","i":"1m","f":790448328,"L":790448785,"o":"49811.93000000","c":"49801.10000000","h":"49855.44000000","l":"49798.80000000","v":"27.01487300","n":458,"x":false,"q":"1346018.03973750","V":"17.74333000","Q":"884047.17140809","B":"0"}}
{"e":"kline","E":1619322346689,"s":"BTCUSDT","k":{"t":1619322300000,"T":1619322359999,"s":"BTCUSDT","i":"1m","f":790448328,"L":790448790,"o":"49811.93000000","c":"49807.33000000","h":"49855.44000000","l":"49798.80000000","v":"27.27248400","n":463,"x":false,"q":"1358848.93556943","V":"17.97733600","Q":"895702.28259787","B":"0"}}
{"e":"kline","E":1619322348722,"s":"BTCUSDT","k":{"t":1619322300000,"T":1619322359999,"s":"BTCUSDT","i":"1m","f":790448328,"L":790448798,"o":"49811.93000000","c":"49807.32000000","h":"49855.44000000","l":"49798.80000000","v":"27.91984900","n":471,"x":false,"q":"1391092.45632360","V":"18.48157300","Q":"920816.98125508","B":"0"}}
{"e":"kline","E":1619322350951,"s":"BTCUSDT","k":{"t":1619322300000,"T":1619322359999,"s":"BTCUSDT","i":"1m","f":790448328,"L":790448802,"o":"49811.93000000","c":"49807.33000000","h":"49855.44000000","l":"49798.80000000","v":"27.93960200","n":475,"x":false,"q":"1392076.30037118","V":"18.48713500","Q":"921094.00962454","B":"0"}}
{"e":"kline","E":1619322353111,"s":"BTCUSDT","k":{"t":1619322300000,"T":1619322359999,"s":"BTCUSDT","i":"1m","f":790448328,"L":790448824,"o":"49811.93000000","c":"49813.07000000","h":"49855.44000000","l":"49798.80000000","v":"29.49918800","n":497,"x":false,"q":"1469757.93277988","V":"18.92750900","Q":"943030.39875982","B":"0"}}
{"e":"kline","E":1619322355137,"s":"BTCUSDT","k":{"t":1619322300000,"T":1619322359999,"s":"BTCUSDT","i":"1m","f":790448328,"L":790448833,"o":"49811.93000000","c":"49813.06000000","h":"49855.44000000","l":"49798.80000000","v":"29.70317500","n":506,"x":false,"q":"1479919.07970265","V":"19.11671000","Q":"952455.08012610","B":"0"}}
{"e":"kline","E":1619322357965,"s":"BTCUSDT","k":{"t":1619322300000,"T":1619322359999,"s":"BTCUSDT","i":"1m","f":790448328,"L":790448847,"o":"49811.93000000","c":"49805.42000000","h":"49855.44000000","l":"49798.80000000","v":"32.80535400","n":520,"x":false,"q":"1634419.78871351","V":"21.93633100","Q":"1092882.22548518","B":"0"}}
{"e":"kline","E":1619322360230,"s":"BTCUSDT","k":{"t":1619322300000,"T":1619322359999,"s":"BTCUSDT","i":"1m","f":790448328,"L":790448852,"o":"49811.93000000","c":"49806.91000000","h":"49855.44000000","l":"49798.80000000","v":"32.81301500","n":525,"x":true,"q":"1634801.35076262","V":"21.93839100","Q":"1092984.82504038","B":"0"}}
{"e":"kline","E":1619322362240,"s":"BTCUSDT","k":{"t":1619322360000,"T":1619322419999,"s":"BTCUSDT","i":"1m","f":790448853,"L":790448890,"o":"49806.91000000","c":"49817.70000000","h":"49817.70000000","l":"49806.91000000","v":"0.61824000","n":38,"x":false,"q":"30794.45380460","V":"0.43865000","Q":"21849.38600460","B":"0"}}
{"e":"kline","E":1619322365260,"s":"BTCUSDT","k":{"t":1619322360000,"T":1619322419999,"s":"BTCUSDT","i":"1m","f":790448853,"L":790448917,"o":"49806.91000000","c":"49807.33000000","h":"49817.70000000","l":"49806.91000000","v":"1.77534000","n":65,"x":false,"q":"88436.36626852","V":"0.91894200","Q":"45775.51836308","B":"0"}}
{"e":"kline","E":1619322367260,"s":"BTCUSDT","k":{"t":1619322360000,"T":1619322419999,"s":"BTCUSDT","i":"1m","f":790448853,"L":790448936,"o":"49806.91000000","c":"49814.01000000","h":"49817.70000000","l":"49806.91000000","v":"2.26692800","n":84,"x":false,"q":"112922.89619813","V":"1.31214900","Q":"65361.63165409","B":"0"}}
{"e":"kline","E":1619322369472,"s":"BTCUSDT","k":{"t":1619322360000,"T":1619322419999,"s":"BTCUSDT","i":"1m","f":790448853,"L":790448955,"o":"49806.91000000","c":"49826.31000000","h":"49826.31000000","l":"49806.91000000","v":"2.50670200","n":103,"x":false,"q":"124868.45046579","V":"1.54438500","Q":"76931.68798975","B":"0"}}
{"e":"kline","E":1619322371567,"s":"BTCUSDT","k":{"t":1619322360000,"T":1619322419999,"s":"BTCUSDT","i":"1m","f":790448853,"L":790448966,"o":"49806.91000000","c":"49814.68000000","h":"49826.31000000","l":"49806.91000000","v":"2.59635600","n":114,"x":false,"q":"129335.43802129","V":"1.54690300","Q":"77057.12416845","B":"0"}}
{"e":"kline","E":1619322374372,"s":"BTCUSDT","k":{"t":1619322360000,"T":1619322419999,"s":"BTCUSDT","i":"1m","f":790448853,"L":790448972,"o":"49806.91000000","c":"49813.01000000","h":"49826.31000000","l":"49806.91000000","v":"2.65014200","n":120,"x":false,"q":"132014.73204939","V":"1.54762900","Q":"77093.28842097","B":"0"}}
{"e":"kline","E":1619322376526,"s":"BTCUSDT","k":{"t":1619322360000,"T":1619322419999,"s":"BTCUSDT","i":"1m","f":790448853,"L":790448994,"o":"49806.91000000","c":"49803.51000000","h":"49826.31000000","l":"49803.50000000","v":"5.35228600","n":142,"x":false,"q":"266608.86930467","V":"1.56837300","Q":"78126.49075005","B":"0"}}
{"e":"kline","E":1619322378526,"s":"BTCUSDT","k":{"t":1619322360000,"T":1619322419999,"s":"BTCUSDT","i":"1m","f":790448853,"L":790449022,"o":"49806.91000000","c":"49800.01000000","h":"49826.31000000","l":"49797.57000000","v":"6.25603600","n":170,"x":false,"q":"311616.28118519","V":"1.65288000","Q":"82335.23596962","B":"0"}}
{"e":"kline","E":1619322381093,"s":"BTCUSDT","k":{"t":1619322360000,"T":1619322419999,"s":"BTCUSDT","i":"1m","f":790448853,"L":790449105,"o":"49806.91000000","c":"49784.71000000","h":"49826.31000000","l":"49777.77000000","v":"15.27494100","n":253,"x":false,"q":"760698.50039327","V":"6.22290700","Q":"309895.44647735","B":"0"}}
{"e":"kline","E":1619322383244,"s":"BTCUSDT","k":{"t":1619322360000,"T":1619322419999,"s":"BTCUSDT","i":"1m","f":790448853,"L":790449121,"o":"49806.91000000","c":"49785.23000000","h":"49826.31000000","l":"49777.77000000","v":"15.76159800","n":269,"x":false,"q":"784925.12832478","V":"6.47441800","Q":"322415.62350460","B":"0"}}
{"e":"kline","E":1619322385392,"s":"BTCUSDT","k":{"t":1619322360000,"T":1619322419999,"s":"BTCUSDT","i":"1m","f":790448853,"L":790449130,"o":"49806.91000000","c":"49770.12000000","h":"49826.31000000","l":"49770.12000000","v":"16.32547400","n":278,"x":false,"q":"812996.78909913","V":"6.76341300","Q":"336802.55170041","B":"0"}}
{"e":"kline","E":1619322387447,"s":"BTCUSDT","k":{"t":1619322360000,"T":1619322419999,"s":"BTCUSDT","i":"1m","f":790448853,"L":790449146,"o":"49806.91000000","c":"49770.11000000","h":"49826.31000000","l":"49770.11000000","v":"16.66514000","n":294,"x":false,"q":"829902.00466334","V":"6.90150800","Q":"343675.55642181","B":"0"}}
{"e":"kline","E":1619322389554,"s":"BTCUSDT","k":{"t":1619322360000,"T":1619322419999,"s":"BTCUSDT","i":"1m","f":790448853,"L":790449244,"o":"49806.91000000","c":"49750.01000000","h":"49826.31000000","l":"49750.00000000","v":"19.11437000","n":392,"x":false,"q":"951762.75860312","V":"7.14175700","Q":"355629.91467878","B":"0"}}
{"e":"kline","E":1619322391852,"s":"BTCUSDT","k":{"t":1619322360000,"T":1619322419999,"s":"BTCUSDT","i":"1m","f":790448853,"L":790449311,"o":"49806.91000000","c":"49747.70000000","h":"49826.31000000","l":"49747.69000000","v":"23.64772600","n":459,"x":false,"q":"1177299.81189602","V":"9.33298800","Q":"464644.11138477","B":"0"}}
{"e":"kline","E":1619322393864,"s":"BTCUSDT","k":{"t":1619322360000,"T":1619322419999,"s":"BTCUSDT","i":"1m","f":790448853,"L":790449389,"o":"49806.91000000","c":"49736.91000000","h":"49826.31000000","l":"49736.91000000","v":"24.42296900","n":537,"x":false,"q":"1215861.73975678","V":"9.61438600","Q":"478641.61953410","B":"0"}}
{"e":"kline","E":1619322395928,"s":"BTCUSDT","k":{"t":1619322360000,"T":1619322419999,"s":"BTCUSDT","i":"1m","f":790448853,"L":790449467,"o":"49806.91000000","c":"49732.88000000","h":"49826.31000000","l":"49732.86000000","v":"28.45186700","n":615,"x":false,"q":"1416247.09805737","V":"11.07910100","Q":"551489.69902883","B":"0"}}
{"e":"kline","E":1619322398026,"s":"BTCUSDT","k":{"t":1619322360000,"T":1619322419999,"s":"BTCUSDT","i":"1m","f":790448853,"L":790449557,"o":"49806.91000000","c":"49752.18000000","h":"49826.31000000","l":"49730.12000000","v":"35.57355100","n":705,"x":false,"q":"1770462.72125445","V":"16.98183700","Q":"845068.64922543","B":"0"}}
{"e":"kline","E":1619322400073,"s":"BTCUSDT","k":{"t":1619322360000,"T":1619322419999,"s":"BTCUSDT","i":"1m","f":790448853,"L":790449614,"o":"49806.91000000","c":"49739.94000000","h":"49826.31000000","l":"49728.95000000","v":"42.43093600","n":762,"x":false,"q":"2111557.63357363","V":"19.62988900","Q":"976773.75428039","B":"0"}}
{"e":"kline","E":1619322402074,"s":"BTCUSDT","k":{"t":1619322360000,"T":1619322419999,"s":"BTCUSDT","i":"1m","f":790448853,"L":790449636,"o":"49806.91000000","c":"49727.79000000","h":"49826.31000000","l":"49727.79000000","v":"42.83969400","n":784,"x":false,"q":"2131886.10645811","V":"19.68352700","Q":"979441.05401679","B":"0"}}
{"e":"kline","E":1619322404098,"s":"BTCUSDT","k":{"t":1619322360000,"T":1619322419999,"s":"BTCUSDT","i":"1m","f":790448853,"L":790449678,"o":"49806.91000000","c":"49721.14000000","h":"49826.31000000","l":"49721.14000000","v":"43.38501800","n":826,"x":false,"q":"2159002.09766911","V":"19.78221800","Q":"984348.13870949","B":"0"}}
{"e":"kline","E":1619322406118,"s":"BTCUSDT","k":{"t":1619322360000,"T":1619322419999,"s":"BTCUSDT","i":"1m","f":790448853,"L":790449907,"o":"49806.91000000","c":"49704.00000000","h":"49826.31000000","l":"49701.00000000","v":"47.86417200","n":1055,"x":false,"q":"2381648.25531967","V":"21.13427200","Q":"1051549.65007119","B":"0"}}
{"e":"kline","E":1619322408161,"s":"BTCUSDT","k":{"t":1619322360000,"T":1619322419999,"s":"BTCUSDT","i":"1m","f":790448853,"L":790450592,"o":"49806.91000000","c":"49665.52000000","h":"49826.31000000","l":"49655.00000000","v":"76.95189100","n":1740,"x":false,"q":"3827038.62448763","V":"24.30738200","Q":"1209134.90201877","B":"0"}}
{"e":"kline","E":1619322410184,"s":"BTCUSDT","k":{"t":1619322360000,"T":1619322419999,"s":"BTCUSDT","i":"1m","f":790448853,"L":790450692,"o":"49806.91000000","c":"49696.08000000","h":"49826.31000000","l":"49655.00000000","v":"85.11387800","n":1840,"x":false,"q":"4232573.46930054","V":"30.45244600","Q":"1514428.55373417","B":"0"}}
{"e":"kline","E":1619322412201,"s":"BTCUSDT","k":{"t":1619322360000,"T":1619322419999,"s":"BTCUSDT","i":"1m","f":790448853,"L":790450773,"o":"49806.91000000","c":"49719.47000000","h":"49826.31000000","l":"49655.00000000","v":"90.04961100","n":1921,"x":false,"q":"4477925.06387934","V":"35.25039800","Q":"1752934.32459154","B":"0"}}
{"e":"kline","E":1619322414211,"s":"BTCUSDT","k":{"t":1619322360000,"T":1619322419999,"s":"BTCUSDT","i":"1m","f":790448853,"L":790450817,"o":"49806.91000000","c":"49720.05000000","h":"49826.31000000","l":"49655.00000000","v":"91.60342000","n":1965,"x":false,"q":"4555194.39204916","V":"35.50736500","Q":"1765713.02377234","B":"0"}}
{"e":"kline","E":1619322416380,"s":"BTCUSDT","k":{"t":1619322360000,"T":1619322419999,"s":"BTCUSDT","i":"1m","f":790448853,"L":790450854,"o":"49806.91000000","c":"49708.42000000","h":"49826.31000000","l":"49655.00000000","v":"93.58181200","n":2002,"x":false,"q":"4653568.95043724","V":"36.66902600","Q":"1823482.66802344","B":"0"}}
{"e":"kline","E":1619322418391,"s":"BTCUSDT","k":{"t":1619322360000,"T":1619322419999,"s":"BTCUSDT","i":"1m","f":790448853,"L":790450894,"o":"49806.91000000","c":"49704.48000000","h":"49826.31000000","l":"49655.00000000","v":"94.93319100","n":2042,"x":false,"q":"4720724.65252403","V":"37.46460500","Q":"1863018.05329379","B":"0"}}
{"e":"kline","E":1619322420024,"s":"BTCUSDT","k":{"t":1619322360000,"T":1619322419999,"s":"BTCUSDT","i":"1m","f":790448853,"L":790451471,"o":"49806.91000000","c":"49628.45000000","h":"49826.31000000","l":"49621.87000000","v":"118.62392100","n":2619,"x":true,"q":"5896807.93565660","V":"43.48013100","Q":"2161590.77247245","B":"0"}}
{"e":"kline","E":1619322422029,"s":"BTCUSDT","k":{"t":1619322420000,"T":1619322479999,"s":"BTCUSDT","i":"1m","f":790451472,"L":790452040,"o":"49628.45000000","c":"49605.62000000","h":"49628.45000000","l":"49600.00000000","v":"35.95687000","n":569,"x":false,"q":"1783678.24853020","V":"13.47708400","Q":"668577.98148308","B":"0"}}
{"e":"kline","E":1619322424030,"s":"BTCUSDT","k":{"t":1619322420000,"T":1619322479999,"s":"BTCUSDT","i":"1m","f":790451472,"L":790452114,"o":"49628.45000000","c":"49608.04000000","h":"49629.82000000","l":"49600.00000000","v":"39.97587900","n":643,"x":false,"q":"1983101.69231832","V":"15.87077800","Q":"787358.43079879","B":"0"}}
{"e":"kline","E":1619322426046,"s":"BTCUSDT","k":{"t":1619322420000,"T":1619322479999,"s":"BTCUSDT","i":"1m","f":790451472,"L":790452174,"o":"49628.45000000","c":"49618.12000000","h":"49629.82000000","l":"49600.00000000","v":"42.28824600","n":703,"x":false,"q":"2097823.90725889","V":"16.37924900","Q":"812583.67570637","B":"0"}}
{"e":"kline","E":1619322428078,"s":"BTCUSDT","k":{"t":1619322420000,"T":1619322479999,"s":"BTCUSDT","i":"1m","f":790451472,"L":790452250,"o":"49628.45000000","c":"49643.65000000","h":"49643.65000000","l":"49600.00000000","v":"45.32509100","n":779,"x":false,"q":"2248516.33543320","V":"18.06514000","Q":"896240.32726381","B":"0"}}
{"e":"kline","E":1619322430141,"s":"BTCUSDT","k":{"t":1619322420000,"T":1619322479999,"s":"BTCUSDT","i":"1m","f":790451472,"L":790452297,"o":"49628.45000000","c":"49644.78000000","h":"49652.73000000","l":"49600.00000000","v":"47.56789800","n":826,"x":false,"q":"2359870.17484607","V":"18.90135600","Q":"937754.50509741","B":"0"}}
{"e":"kline","E":1619322432183,"s":"BTCUSDT","k":{"t":1619322420000,"T":1619322479999,"s":"BTCUSDT","i":"1m","f":790451472,"L":790452340,"o":"49628.45000000","c":"49641.56000000","h":"49655.98000000","l":"49600.00000000","v":"49.14440700","n":869,"x":false,"q":"2438138.04401752","V":"19.39908900","Q":"962467.27005634","B":"0"}}
{"e":"kline","E":1619322434235,"s":"BTCUSDT","k":{"t":1619322420000,"T":1619322479999,"s":"BTCUSDT","i":"1m","f":790451472,"L":790452406,"o":"49628.45000000","c":"49624.02000000","h":"49655.98000000","l":"49600.00000000","v":"52.23336100","n":935,"x":false,"q":"2591443.97188771","V":"20.22276500","Q":"1003344.06132439","B":"0"}}
{"e":"kline","E":1619322436263,"s":"BTCUSDT","k":{"t":1619322420000,"T":1619322479999,"s":"BTCUSDT","i":"1m","f":790451472,"L":790452465,"o":"49628.45000000","c":"49661.77000000","h":"49661.77000000","l":"49600.00000000","v":"54.27792500","n":994,"x":false,"q":"2692929.21739941","V":"21.11224000","Q":"1047491.49425866","B":"0"}}
{"e":"kline","E":1619322438308,"s":"BTCUSDT","k":{"t":1619322420000,"T":1619322479999,"s":"BTCUSDT","i":"1m","f":790451472,"L":790452524,"o":"49628.45000000","c":"49641.00000000","h":"49662.36000000","l":"49600.00000000","v":"56.62908300","n":1053,"x":false,"q":"2809679.52284789","V":"21.54914800","Q":"1069187.52435969","B":"0"}}
{"e":"kline","E":1619322440314,"s":"BTCUSDT","k":{"t":1619322420000,"T":1619322479999,"s":"BTCUSDT","i":"1m","f":790451472,"L":790452560,"o":"49628.45000000","c":"49638.53000000","h":"49662.36000000","l":"49600.00000000","v":"60.37540000","n":1089,"x":false,"q":"2995621.85066459","V":"24.95649400","Q":"1238304.49302228","B":"0"}}
{"e":"kline","E":1619322442380,"s":"BTCUSDT","k":{"t":1619322420000,"T":1619322479999,"s":"BTCUSDT","i":"1m","f":790451472,"L":790452589,"o":"49628.45000000","c":"49636.60000000","h":"49662.36000000","l":"49600.00000000","v":"61.19018800","n":1118,"x":false,"q":"3036065.36702192","V":"25.12607800","Q":"1246721.85678856","B":"0"}}
{"e":"kline","E":1619322444394,"s":"BTCUSDT","k":{"t":1619322420000,"T":1619322479999,"s":"BTCUSDT","i":"1m","f":790451472,"L":790452635,"o":"49628.45000000","c":"49656.94000000","h":"49662.36000000","l":"49600.00000000","v":"62.37868400","n":1164,"x":false,"q":"3095074.70273675","V":"25.92166900","Q":"1286220.59749762","B":"0"}}
{"e":"kline","E":1619322446409,"s":"BTCUSDT","k":{"t":1619322420000,"T":1619322479999,"s":"BTCUSDT","i":"1m","f":790451472,"L":790452670,"o":"49628.45000000","c":"49637.85000000","h":"49662.36000000","l":"49600.00000000","v":"64.64308700","n":1199,"x":false,"q":"3207495.06688126","V":"26.13991000","Q":"1297053.88640582","B":"0"}}
{"e":"kline","E":1619322448556,"s":"BTCUSDT","k":{"t":1619322420000,"T":1619322479999,"s":"BTCUSDT","i":"1m","f":790451472,"L":790452690,"o":"49628.45000000","c":"49638.74000000","h":"49662.36000000","l":"49600.00000000","v":"66.12234200","n":1219,"x":false,"q":"3280923.16184576","V":"26.26263700","Q":"1303146.82061913","B":"0"}}
{"e":"kline","E":1619322450772,"s":"BTCUSDT","k":{"t":1619322420000,"T":1619322479999,"s":"BTCUSDT","i":"1m","f":790451472,"L":790452737,"o":"49628.45000000","c":"49634.59000000","h":"49662.36000000","l":"49600.00000000","v":"69.61458800","n":1266,"x":false,"q":"3454250.99624165","V":"26.64217900","Q":"1321986.21658690","B":"0"}}
{"e":"kline","E":1619322452789,"s":"BTCUSDT","k":{"t":1619322420000,"T":1619322479999,"s":"BTCUSDT","i":"1m","f":790451472,"L":790452751,"o":"49628.45000000","c":"49634.59000000","h":"49662.36000000","l":"49600.00000000","v":"69.76440000","n":1280,"x":false,"q":"3461686.85337143","V":"26.78526100","Q":"1329088.03299328","B":"0"}}
{"e":"kline","E":1619322454872,"s":"BTCUSDT","k":{"t":1619322420000,"T":1619322479999,"s":"BTCUSDT","i":"1m","f":790451472,"L":790452788,"o":"49628.45000000","c":"49637.73000000","h":"49662.36000000","l":"49600.00000000","v":"70.61347700","n":1317,"x":false,"q":"3503839.39198362","V":"27.52541600","Q":"1365833.19983224","B":"0"}}
{"e":"kline","E":1619322456926,"s":"BTCUSDT","k":{"t":1619322420000,"T":1619322479999,"s":"BTCUSDT","i":"1m","f":790451472,"L":790452811,"o":"49628.45000000","c":"49638.06000000","h":"49662.36000000","l":"49600.00000000","v":"71.00262200","n":1340,"x":false,"q":"3523155.77792599","V":"27.67133400","Q":"1373076.28509433","B":"0"}}
{"e":"kline","E":1619322458991,"s":"BTCUSDT","k":{"t":1619322420000,"T":1619322479999,"s":"BTCUSDT","i":"1m","f":790451472,"L":790452827,"o":"49628.45000000","c":"49634.60000000","h":"49662.36000000","l":"49600.00000000","v":"71.28364800","n":1356,"x":false,"q":"3537104.78917914","V":"27.91301300","Q":"1385072.20408313","B":"0"}}
{"e":"kline","E":1619322461060,"s":"BTCUSDT","k":{"t":1619322420000,"T":1619322479999,"s":"BTCUSDT","i":"1m","f":790451472,"L":790452852,"o":"49628.45000000","c":"49640.28000000","h":"49662.36000000","l":"49600.00000000","v":"72.29123000","n":1381,"x":false,"q":"3587120.81927122","V":"28.21555000","Q":"1400089.79765455","B":"0"}}
{"e":"kline","E":1619322463148,"s":"BTCUSDT","k":{"t":1619322420000,"T":1619322479999,"s":"BTCUSDT","i":"1m","f":790451472,"L":790452874,"o":"49628.45000000","c":"49634.60000000","h":"49662.36000000","l":"49600.00000000","v":"73.15663300","n":1403,"x":false,"q":"3630081.66816139","V":"28.35631500","Q":"1407077.20245855","B":"0"}}
{"e":"kline","E":1619322465247,"s":"BTCUSDT","k":{"t":1619322420000,"T":1619322479999,"s":"BTCUSDT","i":"1m","f":790451472,"L":790452900,"o":"49628.45000000","c":"49637.93000000","h":"49662.36000000","l":"49600.00000000","v":"73.55915200","n":1429,"x":false,"q":"3650061.61469932","V":"28.64124100","Q":"1421220.23743893","B":"0"}}
{"e":"kline","E":1619322467264,"s":"BTCUSDT","k":{"t":1619322420000,"T":1619322479999,"s":"BTCUSDT","i":"1m","f":790451472,"L":790452935,"o":"49628.45000000","c":"49649.00000000","h":"49662.36000000","l":"49600.00000000","v":"75.31753600","n":1464,"x":false,"q":"3737355.62816022","V":"30.19054700","Q":"1498135.64501275","B":"0"}}
{"e":"kline","E":1619322469299,"s":"BTCUSDT","k":{"t":1619322420000,"T":1619322479999,"s":"BTCUSDT","i":"1m","f":790451472,"L":790452961,"o":"49628.45000000","c":"49642.96000000","h":"49662.36000000","l":"49600.00000000","v":"75.68451700","n":1490,"x":false,"q":"3755576.83550192","V":"30.33232900","Q":"1505175.62920050","B":"0"}}
{"e":"kline","E":1619322471523,"s":"BTCUSDT","k":{"t":1619322420000,"T":1619322479999,"s":"BTCUSDT","i":"1m","f":790451472,"L":790452994,"o":"49628.45000000","c":"49654.35000000","h":"49662.36000000","l":"49600.00000000","v":"77.94365300","n":1523,"x":false,"q":"3867727.91455123","V":"32.53679100","Q":"1614612.03536537","B":"0"}}
{"e":"kline","E":1619322473658,"s":"BTCUSDT","k":{"t":1619322420000,"T":1619322479999,"s":"BTCUSDT","i":"1m","f":790451472,"L":790453028,"o":"49628.45000000","c":"49665.96000000","h":"49675.17000000","l":"49600.00000000","v":"79.37380000","n":1557,"x":false,"q":"3938749.60385937","V":"33.79358000","Q":"1677023.77480335","B":"0"}}
{"e":"kline","E":1619322475719,"s":"BTCUSDT","k":{"t":1619322420000,"T":1619322479999,"s":"BTCUSDT","i":"1m","f":790451472,"L":790453076,"o":"49628.45000000","c":"49646.56000000","h":"49675.17000000","l":"49600.00000000","v":"81.80944700","n":1605,"x":false,"q":"4059686.98830537","V":"35.26203800","Q":"1749931.93199323","B":"0"}}
{"e":"kline","E":1619322477759,"s":"BTCUSDT","k":{"t":1619322420000,"T":1619322479999,"s":"BTCUSDT","i":"1m","f":790451472,"L":790453096,"o":"49628.45000000","c":"49654.31000000","h":"49675.17000000","l":"49600.00000000","v":"82.27034000","n":1625,"x":false,"q":"4082572.03354602","V":"35.46403800","Q":"1759961.81666592","B":"0"}}
{"e":"kline","E":1619322480064,"s":"BTCUSDT","k":{"t":1619322420000,"T":1619322479999,"s":"BTCUSDT","i":"1m","f":790451472,"L":790453112,"o":"49628.45000000","c":"49660.32000000","h":"49675.17000000","l":"49600.00000000","v":"82.51133500","n":1641,"x":true,"q":"4094540.08872217","V":"35.61773300","Q":"1767594.53357125","B":"0"}}
{"e":"kline","E":1619322482150,"s":"BTCUSDT","k":{"t":1619322480000,"T":1619322539999,"s":"BTCUSDT","i":"1m","f":790453113,"L":790453137,"o":"49661.32000000","c":"49659.63000000","h":"49665.21000000","l":"49659.61000000","v":"2.68591400","n":25,"x":false,"q":"133388.57267252","V":"2.18325900","Q":"108424.15863991","B":"0"}}
{"e":"kline","E":1619322484377,"s":"BTCUSDT","k":{"t":1619322480000,"T":1619322539999,"s":"BTCUSDT","i":"1m","f":790453113,"L":790453178,"o":"49661.32000000","c":"49670.39000000","h":"49670.40000000","l":"49657.73000000","v":"3.91877700","n":66,"x":false,"q":"194619.14878651","V":"3.34362800","Q":"166054.15915738","B":"0"}}
{"e":"kline","E":1619322486429,"s":"BTCUSDT","k":{"t":1619322480000,"T":1619322539999,"s":"BTCUSDT","i":"1m","f":790453113,"L":790453202,"o":"49661.32000000","c":"49674.67000000","h":"49674.68000000","l":"49657.73000000","v":"4.39418500","n":90,"x":false,"q":"218233.02777887","V":"3.74677800","Q":"186078.79418825","B":"0"}}
{"e":"kline","E":1619322488441,"s":"BTCUSDT","k":{"t":1619322480000,"T":1619322539999,"s":"BTCUSDT","i":"1m","f":790453113,"L":790453241,"o":"49661.32000000","c":"49674.64000000","h":"49674.68000000","l":"49657.73000000","v":"5.37307200","n":129,"x":false,"q":"266858.89949849","V":"4.37171800","Q":"217122.47010406","B":"0"}}
{"e":"kline","E":1619322490483,"s":"BTCUSDT","k":{"t":1619322480000,"T":1619322539999,"s":"BTCUSDT","i":"1m","f":790453113,"L":790453264,"o":"49661.32000000","c":"49672.49000000","h":"49674.68000000","l":"49657.73000000","v":"6.36290100","n":152,"x":false,"q":"316026.06510279","V":"4.49639800","Q":"223315.64987578","B":"0"}}
{"e":"kline","E":1619322492537,"s":"BTCUSDT","k":{"t":1619322480000,"T":1619322539999,"s":"BTCUSDT","i":"1m","f":790453113,"L":790453296,"o":"49661.32000000","c":"49677.52000000","h":"49677.53000000","l":"49657.73000000","v":"7.98494800","n":184,"x":false,"q":"396604.94849272","V":"4.78154300","Q":"237480.62903612","B":"0"}}
{"e":"kline","E":1619322494701,"s":"BTCUSDT","k":{"t":1619322480000,"T":1619322539999,"s":"BTCUSDT","i":"1m","f":790453113,"L":790453345,"o":"49661.32000000","c":"49694.58000000","h":"49694.60000000","l":"49657.73000000","v":"9.26803500","n":233,"x":false,"q":"460358.15842016","V":"5.94264600","Q":"295173.12950423","B":"0"}}
{"e":"kline","E":1619322496812,"s":"BTCUSDT","k":{"t":1619322480000,"T":1619322539999,"s":"BTCUSDT","i":"1m","f":790453113,"L":790453381,"o":"49661.32000000","c":"49697.15000000","h":"49697.15000000","l":"49657.73000000","v":"10.02914100","n":269,"x":false,"q":"498177.08984529","V":"6.12808300","Q":"304387.51883076","B":"0"}}
{"e":"kline","E":1619322499090,"s":"BTCUSDT","k":{"t":1619322480000,"T":1619322539999,"s":"BTCUSDT","i":"1m","f":790453113,"L":790453412,"o":"49661.32000000","c":"49684.64000000","h":"49697.16000000","l":"49657.73000000","v":"10.78773600","n":300,"x":false,"q":"535866.99261186","V":"6.62092600","Q":"328872.69127872","B":"0"}}
{"e":"kline","E":1619322501106,"s":"BTCUSDT","k":{"t":1619322480000,"T":1619322539999,"s":"BTCUSDT","i":"1m","f":790453113,"L":790453427,"o":"49661.32000000","c":"49688.64000000","h":"49697.16000000","l":"49657.73000000","v":"10.93442900","n":315,"x":false,"q":"543155.84901509","V":"6.71919000","Q":"333755.18095168","B":"0"}}
{"e":"kline","E":1619322503108,"s":"BTCUSDT","k":{"t":1619322480000,"T":1619322539999,"s":"BTCUSDT","i":"1m","f":790453113,"L":790453447,"o":"49661.32000000","c":"49699.73000000","h":"49699.75000000","l":"49657.73000000","v":"11.33256300","n":335,"x":false,"q":"562939.08695677","V":"7.10479900","Q":"352915.99888947","B":"0"}}
{"e":"kline","E":1619322505233,"s":"BTCUSDT","k":{"t":1619322480000,"T":1619322539999,"s":"BTCUSDT","i":"1m","f":790453113,"L":790453465,"o":"49661.32000000","c":"49703.87000000","h":"49703.87000000","l":"49657.73000000","v":"11.45700500","n":353,"x":false,"q":"569124.01474785","V":"7.20837900","Q":"358064.05014180","B":"0"}}
{"e":"kline","E":1619322507331,"s":"BTCUSDT","k":{"t":1619322480000,"T":1619322539999,"s":"BTCUSDT","i":"1m","f":790453113,"L":790453487,"o":"49661.32000000","c":"49703.87000000","h":"49703.87000000","l":"49657.73000000","v":"11.65678400","n":375,"x":false,"q":"579053.80404061","V":"7.39296100","Q":"367238.48987414","B":"0"}}
{"e":"kline","E":1619322509383,"s":"BTCUSDT","k":{"t":1619322480000,"T":1619322539999,"s":"BTCUSDT","i":"1m","f":790453113,"L":790453535,"o":"49661.32000000","c":"49699.69000000","h":"49707.01000000","l":"49657.73000000","v":"16.26202900","n":423,"x":false,"q":"807955.55946411","V":"7.51664000","Q":"373385.83953893","B":"0"}}
{"e":"kline","E":1619322511490,"s":"BTCUSDT","k":{"t":1619322480000,"T":1619322539999,"s":"BTCUSDT","i":"1m","f":790453113,"L":790453580,"o":"49661.32000000","c":"49678.43000000","h":"49707.01000000","l":"49657.73000000","v":"20.51923800","n":468,"x":false,"q":"1019462.81694476","V":"8.00837900","Q":"397811.66934193","B":"0"}}
{"e":"kline","E":1619322513569,"s":"BTCUSDT","k":{"t":1619322480000,"T":1619322539999,"s":"BTCUSDT","i":"1m","f":790453113,"L":790453606,"o":"49661.32000000","c":"49685.49000000","h":"49707.01000000","l":"49657.73000000","v":"22.92159200","n":494,"x":false,"q":"1138806.79293387","V":"8.59521000","Q":"426964.29384853","B":"0"}}
{"e":"kline","E":1619322515792,"s":"BTCUSDT","k":{"t":1619322480000,"T":1619322539999,"s":"BTCUSDT","i":"1m","f":790453113,"L":790453628,"o":"49661.32000000","c":"49702.85000000","h":"49707.01000000","l":"49657.73000000","v":"23.10285500","n":516,"x":false,"q":"1147814.94209951","V":"8.67826600","Q":"431091.64546992","B":"0"}}
{"e":"kline","E":1619322517803,"s":"BTCUSDT","k":{"t":1619322480000,"T":1619322539999,"s":"BTCUSDT","i":"1m","f":790453113,"L":790453638,"o":"49661.32000000","c":"49700.90000000","h":"49707.01000000","l":"49657.73000000","v":"23.26061500","n":526,"x":false,"q":"1155656.05759259","V":"8.67998400","Q":"431177.03074260","B":"0"}}
{"e":"kline","E":1619322519976,"s":"BTCUSDT","k":{"t":1619322480000,"T":1619322539999,"s":"BTCUSDT","i":"1m","f":790453113,"L":790453647,"o":"49661.32000000","c":"49699.64000000","h":"49707.01000000","l":"49657.73000000","v":"23.62511700","n":535,"x":false,"q":"1173772.11799094","V":"8.68170200","Q":"431262.41231853","B":"0"}}
{"e":"kline","E":1619322522041,"s":"BTCUSDT","k":{"t":1619322480000,"T":1619322539999,"s":"BTCUSDT","i":"1m","f":790453113,"L":790453667,"o":"49661.32000000","c":"49699.63000000","h":"49707.01000000","l":"49657.73000000","v":"24.17610400","n":555,"x":false,"q":"1201156.05996205","V":"8.71719000","Q":"433026.24490540","B":"0"}}
{"e":"kline","E":1619322524161,"s":"BTCUSDT","k":{"t":1619322480000,"T":1619322539999,"s":"BTCUSDT","i":"1m","f":790453113,"L":790453679,"o":"49661.32000000","c":"49699.62000000","h":"49707.01000000","l":"49657.73000000","v":"24.49641900","n":567,"x":false,"q":"1217075.59454866","V":"8.79782100","Q":"437033.57577193","B":"0"}}
{"e":"kline","E":1619322526180,"s":"BTCUSDT","k":{"t":1619322480000,"T":1619322539999,"s":"BTCUSDT","i":"1m","f":790453113,"L":790453701,"o":"49661.32000000","c":"49702.37000000","h":"49707.01000000","l":"49657.73000000","v":"24.71292400","n":589,"x":false,"q":"1227836.18705779","V":"8.88138500","Q":"441186.78155199","B":"0"}}
{"e":"kline","E":1619322528205,"s":"BTCUSDT","k":{"t":1619322480000,"T":1619322539999,"s":"BTCUSDT","i":"1m","f":790453113,"L":790453739,"o":"49661.32000000","c":"49657.75000000","h":"49707.01000000","l":"49657.73000000","v":"28.65836800","n":627,"x":false,"q":"1423867.99726080","V":"8.94131400","Q":"444163.75195156","B":"0"}}
{"e":"kline","E":1619322530243,"s":"BTCUSDT","k":{"t":1619322480000,"T":1619322539999,"s":"BTCUSDT","i":"1m","f":790453113,"L":790453758,"o":"49661.32000000","c":"49657.75000000","h":"49707.01000000","l":"49657.73000000","v":"28.97494000","n":646,"x":false,"q":"1439588.24764787","V":"8.97329300","Q":"445751.75713881","B":"0"}}
{"e":"kline","E":1619322532396,"s":"BTCUSDT","k":{"t":1619322480000,"T":1619322539999,"s":"BTCUSDT","i":"1m","f":790453113,"L":790453799,"o":"49661.32000000","c":"49644.36000000","h":"49707.01000000","l":"49643.85000000","v":"31.90188100","n":687,"x":false,"q":"1584921.74119207","V":"9.71384200","Q":"482516.06434064","B":"0"}}
{"e":"kline","E":1619322534489,"s":"BTCUSDT","k":{"t":1619322480000,"T":1619322539999,"s":"BTCUSDT","i":"1m","f":790453113,"L":790453834,"o":"49661.32000000","c":"49642.96000000","h":"49707.01000000","l":"49642.96000000","v":"34.84332200","n":722,"x":false,"q":"1730946.28017557","V":"9.78002700","Q":"485801.77634521","B":"0"}}
{"e":"kline","E":1619322536570,"s":"BTCUSDT","k":{"t":1619322480000,"T":1619322539999,"s":"BTCUSDT","i":"1m","f":790453113,"L":790453868,"o":"49661.32000000","c":"49640.04000000","h":"49707.01000000","l":"49626.42000000","v":"35.86640800","n":756,"x":false,"q":"1781730.85661206","V":"10.44933600","Q":"519028.02772234","B":"0"}}
{"e":"kline","E":1619322538621,"s":"BTCUSDT","k":{"t":1619322480000,"T":1619322539999,"s":"BTCUSDT","i":"1m","f":790453113,"L":790453893,"o":"49661.32000000","c":"49640.03000000","h":"49707.01000000","l":"49626.42000000","v":"36.20266000","n":781,"x":false,"q":"1798422.41695430","V":"10.54680400","Q":"523866.34314106","B":"0"}}
{"e":"kline","E":1619322540048,"s":"BTCUSDT","k":{"t":1619322480000,"T":1619322539999,"s":"BTCUSDT","i":"1m","f":790453113,"L":790453909,"o":"49661.32000000","c":"49640.00000000","h":"49707.01000000","l":"49626.42000000","v":"37.53025400","n":797,"x":true,"q":"1864324.18342917","V":"10.57314000","Q":"525173.66247331","B":"0"}}
{"e":"kline","E":1619322542288,"s":"BTCUSDT","k":{"t":1619322540000,"T":1619322599999,"s":"BTCUSDT","i":"1m","f":790453910,"L":790453932,"o":"49640.00000000","c":"49640.04000000","h":"49640.04000000","l":"49640.00000000","v":"2.55277100","n":23,"x":false,"q":"126719.58846888","V":"0.00598400","Q":"297.04587384","B":"0"}}
{"e":"kline","E":1619322544323,"s":"BTCUSDT","k":{"t":1619322540000,"T":1619322599999,"s":"BTCUSDT","i":"1m","f":790453910,"L":790453961,"o":"49640.00000000","c":"49663.35000000","h":"49663.35000000","l":"49640.00000000","v":"3.34148500","n":52,"x":false,"q":"165879.78629871","V":"0.73095800","Q":"36292.55346216","B":"0"}}
{"e":"kline","E":1619322546457,"s":"BTCUSDT","k":{"t":1619322540000,"T":1619322599999,"s":"BTCUSDT","i":"1m","f":790453910,"L":790453992,"o":"49640.00000000","c":"49673.65000000","h":"49681.19000000","l":"49640.00000000","v":"4.18460100","n":83,"x":false,"q":"207756.67966535","V":"1.23719800","Q":"61436.47626727","B":"0"}}
{"e":"kline","E":1619322548461,"s":"BTCUSDT","k":{"t":1619322540000,"T":1619322599999,"s":"BTCUSDT","i":"1m","f":790453910,"L":790454006,"o":"49640.00000000","c":"49673.09000000","h":"49681.19000000","l":"49640.00000000","v":"4.56497400","n":97,"x":false,"q":"226646.70223263","V":"1.59076100","Q":"78994.93723921","B":"0"}}
{"e":"kline","E":1619322550540,"s":"BTCUSDT","k":{"t":1619322540000,"T":1619322599999,"s":"BTCUSDT","i":"1m","f":790453910,"L":790454023,"o":"49640.00000000","c":"49684.77000000","h":"49685.38000000","l":"49640.00000000","v":"4.79060100","n":114,"x":false,"q":"237855.24265173","V":"1.71420800","Q":"85127.65132003","B":"0"}}
{"e":"kline","E":1619322552544,"s":"BTCUSDT","k":{"t":1619322540000,"T":1619322599999,"s":"BTCUSDT","i":"1m","f":790453910,"L":790454037,"o":"49640.00000000","c":"49684.73000000","h":"49689.59000000","l":"49640.00000000","v":"5.09635300","n":128,"x":false,"q":"253046.61872741","V":"1.85939000","Q":"92341.12126591","B":"0"}}
{"e":"kline","E":1619322554594,"s":"BTCUSDT","k":{"t":1619322540000,"T":1619322599999,"s":"BTCUSDT","i":"1m","f":790453910,"L":790454054,"o":"49640.00000000","c":"49672.07000000","h":"49689.59000000","l":"49640.00000000","v":"5.83438500","n":145,"x":false,"q":"289707.27300670","V":"2.46726100","Q":"122536.33398624","B":"0"}}
{"e":"kline","E":1619322556600,"s":"BTCUSDT","k":{"t":1619322540000,"T":1619322599999,"s":"BTCUSDT","i":"1m","f":790453910,"L":790454080,"o":"49640.00000000","c":"49657.15000000","h":"49689.59000000","l":"49640.00000000","v":"7.00532600","n":171,"x":false,"q":"347855.79698886","V":"2.75296100","Q":"136724.57721537","B":"0"}}
{"e":"kline","E":1619322558689,"s":"BTCUSDT","k":{"t":1619322540000,"T":1619322599999,"s":"BTCUSDT","i":"1m","f":790453910,"L":790454094,"o":"49640.00000000","c":"49669.33000000","h":"49689.59000000","l":"49640.00000000","v":"7.23870500","n":185,"x":false,"q":"359445.43743424","V":"2.87451600","Q":"142761.26691622","B":"0"}}
{"e":"kline","E":1619322560730,"s":"BTCUSDT","k":{"t":1619322540000,"T":1619322599999,"s":"BTCUSDT","i":"1m","f":790453910,"L":790454107,"o":"49640.00000000","c":"49669.33000000","h":"49689.59000000","l":"49640.00000000","v":"7.50777900","n":198,"x":false,"q":"372810.16398578","V":"2.99962800","Q":"148975.49738230","B":"0"}}
{"e":"kline","E":1619322562956,"s":"BTCUSDT","k":{"t":1619322540000,"T":1619322599999,"s":"BTCUSDT","i":"1m","f":790453910,"L":790454129,"o":"49640.00000000","c":"49669.34000000","h":"49689.59000000","l":"49640.00000000","v":"7.77304600","n":220,"x":false,"q":"385985.79976876","V":"3.16181500","Q":"157031.21862888","B":"0"}}
{"e":"kline","E":1619322565260,"s":"BTCUSDT","k":{"t":1619322540000,"T":1619322599999,"s":"BTCUSDT","i":"1m","f":790453910,"L":790454147,"o":"49640.00000000","c":"49659.41000000","h":"49689.59000000","l":"49640.00000000","v":"7.93857600","n":238,"x":false,"q":"394207.06864735","V":"3.22525600","Q":"160182.27077072","B":"0"}}
{"e":"kline","E":1619322567671,"s":"BTCUSDT","k":{"t":1619322540000,"T":1619322599999,"s":"BTCUSDT","i":"1m","f":790453910,"L":790454165,"o":"49640.00000000","c":"49659.35000000","h":"49689.59000000","l":"49640.00000000","v":"8.78182900","n":256,"x":false,"q":"436082.28815175","V":"3.27272100","Q":"162539.35514102","B":"0"}}
{"e":"kline","E":1619322569776,"s":"BTCUSDT","k":{"t":1619322540000,"T":1619322599999,"s":"BTCUSDT","i":"1m","f":790453910,"L":790454185,"o":"49640.00000000","c":"49664.34000000","h":"49689.59000000","l":"49640.00000000","v":"9.42211300","n":276,"x":false,"q":"467878.53025401","V":"3.83697900","Q":"190560.14454118","B":"0"}}
{"e":"kline","E":1619322571823,"s":"BTCUSDT","k":{"t":1619322540000,"T":1619322599999,"s":"BTCUSDT","i":"1m","f":790453910,"L":790454193,"o":"49640.00000000","c":"49659.26000000","h":"49689.59000000","l":"49640.00000000","v":"9.46792900","n":284,"x":false,"q":"470153.78625945","V":"3.83772300","Q":"190597.09103806","B":"0"}}
{"e":"kline","E":1619322573823,"s":"BTCUSDT","k":{"t":1619322540000,"T":1619322599999,"s":"BTCUSDT","i":"1m","f":790453910,"L":790454205,"o":"49640.00000000","c":"49664.35000000","h":"49689.59000000","l":"49640.00000000","v":"9.53030500","n":296,"x":false,"q":"473251.55537446","V":"3.89320400","Q":"193352.43277869","B":"0"}}
{"e":"kline","E":1619322575921,"s":"BTCUSDT","k":{"t":1619322540000,"T":1619322599999,"s":"BTCUSDT","i":"1m","f":790453910,"L":790454254,"o":"49640.00000000","c":"49661.47000000","h":"49689.59000000","l":"49640.00000000","v":"10.57140400","n":345,"x":false,"q":"524954.00751476","V":"4.51532700","Q":"224247.10802085","B":"0"}}
{"e":"kline","E":1619322577930,"s":"BTCUSDT","k":{"t":1619322540000,"T":1619322599999,"s":"BTCUSDT","i":"1m","f":790453910,"L":790454293,"o":"49640.00000000","c":"49682.19000000","h":"49689.59000000","l":"49640.00000000","v":"11.29854900","n":384,"x":false,"q":"561071.17292907","V":"5.09153800","Q":"252867.61623460","B":"0"}}
{"e":"kline","E":1619322580002,"s":"BTCUSDT","k":{"t":1619322540000,"T":1619322599999,"s":"BTCUSDT","i":"1m","f":790453910,"L":790454342,"o":"49640.00000000","c":"49667.52000000","h":"49689.59000000","l":"49640.00000000","v":"12.63406100","n":433,"x":false,"q":"627415.78265861","V":"5.36699900","Q":"266551.46525207","B":"0"}}
{"e":"kline","E":1619322582042,"s":"BTCUSDT","k":{"t":1619322540000,"T":1619322599999,"s":"BTCUSDT","i":"1m","f":790453910,"L":790454369,"o":"49640.00000000","c":"49642.10000000","h":"49689.59000000","l":"49640.00000000","v":"13.93106900","n":460,"x":false,"q":"691820.10939314","V":"5.59239900","Q":"277744.04936170","B":"0"}}
{"e":"kline","E":1619322584190,"s":"BTCUSDT","k":{"t":1619322540000,"T":1619322599999,"s":"BTCUSDT","i":"1m","f":790453910,"L":790454385,"o":"49640.00000000","c":"49667.24000000","h":"49689.59000000","l":"49640.00000000","v":"14.38403800","n":476,"x":false,"q":"714314.16264105","V":"5.93272300","Q":"294643.66060338","B":"0"}}
{"e":"kline","E":1619322586784,"s":"BTCUSDT","k":{"t":1619322540000,"T":1619322599999,"s":"BTCUSDT","i":"1m","f":790453910,"L":790454402,"o":"49640.00000000","c":"49659.28000000","h":"49689.59000000","l":"49640.00000000","v":"15.02281300","n":493,"x":false,"q":"746036.22586744","V":"6.37649100","Q":"316680.92560338","B":"0"}}
{"e":"kline","E":1619322588793,"s":"BTCUSDT","k":{"t":1619322540000,"T":1619322599999,"s":"BTCUSDT","i":"1m","f":790453910,"L":790454418,"o":"49640.00000000","c":"49659.26000000","h":"49689.59000000","l":"49640.00000000","v":"15.18696900","n":509,"x":false,"q":"754187.57506563","V":"6.52139600","Q":"323876.29638592","B":"0"}}
{"e":"kline","E":1619322590898,"s":"BTCUSDT","k":{"t":1619322540000,"T":1619322599999,"s":"BTCUSDT","i":"1m","f":790453910,"L":790454452,"o":"49640.00000000","c":"49640.01000000","h":"49689.59000000","l":"49639.08000000","v":"16.97317400","n":543,"x":false,"q":"842878.89841451","V":"7.35356200","Q":"365192.51876182","B":"0"}}
{"e":"kline","E":1619322593027,"s":"BTCUSDT","k":{"t":1619322540000,"T":1619322599999,"s":"BTCUSDT","i":"1m","f":790453910,"L":790454469,"o":"49640.00000000","c":"49639.15000000","h":"49689.59000000","l":"49636.88000000","v":"17.36321500","n":560,"x":false,"q":"862240.82512201","V":"7.69469400","Q":"382126.49103464","B":"0"}}
{"e":"kline","E":1619322595141,"s":"BTCUSDT","k":{"t":1619322540000,"T":1619322599999,"s":"BTCUSDT","i":"1m","f":790453910,"L":790454495,"o":"49640.00000000","c":"49637.68000000","h":"49689.59000000","l":"49635.25000000","v":"18.08874100","n":586,"x":false,"q":"898252.63121819","V":"8.21831100","Q":"408116.35755570","B":"0"}}
{"e":"kline","E":1619322597357,"s":"BTCUSDT","k":{"t":1619322540000,"T":1619322599999,"s":"BTCUSDT","i":"1m","f":790453910,"L":790454547,"o":"49640.00000000","c":"49640.02000000","h":"49689.59000000","l":"49634.93000000","v":"19.08902700","n":638,"x":false,"q":"947904.92215990","V":"8.52199200","Q":"423191.05035874","B":"0"}}
{"e":"kline","E":1619322599459,"s":"BTCUSDT","k":{"t":1619322540000,"T":1619322599999,"s":"BTCUSDT","i":"1m","f":790453910,"L":790454569,"o":"49640.00000000","c":"49634.93000000","h":"49689.59000000","l":"49634.93000000","v":"19.59829600","n":660,"x":false,"q":"973184.89803822","V":"8.61331200","Q":"427724.07577154","B":"0"}}
{"e":"kline","E":1619322600012,"s":"BTCUSDT","k":{"t":1619322540000,"T":1619322599999,"s":"BTCUSDT","i":"1m","f":790453910,"L":790454571,"o":"49640.00000000","c":"49634.94000000","h":"49689.59000000","l":"49634.93000000","v":"19.60887100","n":662,"x":true,"q":"973709.78752872","V":"8.62388700","Q":"428248.96526204","B":"0"}}
{"e":"kline","E":1619322602062,"s":"BTCUSDT","k":{"t":1619322600000,"T":1619322659999,"s":"BTCUSDT","i":"1m","f":790454572,"L":790454587,"o":"49634.94000000","c":"49658.75000000","h":"49658.75000000","l":"49634.93000000","v":"0.41991400","n":16,"x":false,"q":"20847.55168565","V":"0.27402100","Q":"13603.21051302","B":"0"}}
{"e":"kline","E":1619322604112,"s":"BTCUSDT","k":{"t":1619322600000,"T":1619322659999,"s":"BTCUSDT","i":"1m","f":790454572,"L":790454634,"o":"49634.94000000","c":"49647.94000000","h":"49663.77000000","l":"49634.93000000","v":"2.44726400","n":63,"x":false,"q":"121517.32137834","V":"0.77655700","Q":"38558.42507898","B":"0"}}
{"e":"kline","E":1619322606264,"s":"BTCUSDT","k":{"t":1619322600000,"T":1619322659999,"s":"BTCUSDT","i":"1m","f":790454572,"L":790454649,"o":"49634.94000000","c":"49646.91000000","h":"49663.77000000","l":"49634.93000000","v":"2.51925600","n":78,"x":false,"q":"125091.80901123","V":"0.81717900","Q":"40575.42146979","B":"0"}}
{"e":"kline","E":1619322608319,"s":"BTCUSDT","k":{"t":1619322600000,"T":1619322659999,"s":"BTCUSDT","i":"1m","f":790454572,"L":790454668,"o":"49634.94000000","c":"49657.82000000","h":"49663.77000000","l":"49634.93000000","v":"2.77147300","n":97,"x":false,"q":"137615.95986575","V":"0.96233300","Q":"47783.09887893","B":"0"}}
{"e":"kline","E":1619322610330,"s":"BTCUSDT","k":{"t":1619322600000,"T":1619322659999,"s":"BTCUSDT","i":"1m","f":790454572,"L":790454692,"o":"49634.94000000","c":"49660.43000000","h":"49663.77000000","l":"49634.93000000","v":"2.92825800","n":121,"x":false,"q":"145401.76859073","V":"1.03101800","Q":"51193.98811642","B":"0"}}
{"e":"kline","E":1619322612438,"s":"BTCUSDT","k":{"t":1619322600000,"T":1619322659999,"s":"BTCUSDT","i":"1m","f":790454572,"L":790454719,"o":"49634.94000000","c":"49683.69000000","h":"49684.56000000","l":"49634.93000000","v":"3.72267100","n":148,"x":false,"q":"184865.05813771","V":"1.72452800","Q":"85644.59429435","B":"0"}}
{"e":"kline","E":1619322614521,"s":"BTCUSDT","k":{"t":1619322600000,"T":1619322659999,"s":"BTCUSDT","i":"1m","f":790454572,"L":790454771,"o":"49634.94000000","c":"49699.61000000","h":"49701.46000000","l":"49634.93000000","v":"5.53962600","n":200,"x":false,"q":"275161.51272205","V":"3.25434800","Q":"161670.87901620","B":"0"}}
{"e":"kline","E":1619322616823,"s":"BTCUSDT","k":{"t":1619322600000,"T":1619322659999,"s":"BTCUSDT","i":"1m","f":790454572,"L":790454799,"o":"49634.94000000","c":"49701.86000000","h":"49701.87000000","l":"49634.93000000","v":"6.03334600","n":228,"x":false,"q":"299699.04136917","V":"3.70291900","Q":"183964.51916416","B":"0"}}
{"e":"kline","E":1619322619102,"s":"BTCUSDT","k":{"t":1619322600000,"T":1619322659999,"s":"BTCUSDT","i":"1m","f":790454572,"L":790454820,"o":"49634.94000000","c":"49699.15000000","h":"49701.87000000","l":"49634.93000000","v":"6.44643300","n":249,"x":false,"q":"320229.20790368","V":"4.01207100","Q":"199329.13867840","B":"0"}}
{"e":"kline","E":1619322621201,"s":"BTCUSDT","k":{"t":1619322600000,"T":1619322659999,"s":"BTCUSDT","i":"1m","f":790454572,"L":790454859,"o":"49634.94000000","c":"49700.46000000","h":"49701.87000000","l":"49634.93000000","v":"8.02156000","n":288,"x":false,"q":"398488.98521483","V":"4.95421600","Q":"246135.21320812","B":"0"}}
{"e":"kline","E":1619322623463,"s":"BTCUSDT","k":{"t":1619322600000,"T":1619322659999,"s":"BTCUSDT","i":"1m","f":790454572,"L":790454879,"o":"49634.94000000","c":"49700.15000000","h":"49701.87000000","l":"49634.93000000","v":"8.72035700","n":308,"x":false,"q":"433216.93462710","V":"5.40634200","Q":"268603.71379634","B":"0"}}
{"e":"kline","E":1619322625466,"s":"BTCUSDT","k":{"t":1619322600000,"T":1619322659999,"s":"BTCUSDT","i":"1m","f":790454572,"L":790454909,"o":"49634.94000000","c":"49707.99000000","h":"49707.99000000","l":"49634.93000000","v":"9.68481500","n":338,"x":false,"q":"481154.39443501","V":"5.74700900","Q":"285536.32703295","B":"0"}}
{"e":"kline","E":1619322627512,"s":"BTCUSDT","k":{"t":1619322600000,"T":1619322659999,"s":"BTCUSDT","i":"1m","f":790454572,"L":790454925,"o":"49634.94000000","c":"49703.01000000","h":"49707.99000000","l":"49634.93000000","v":"10.61646100","n":354,"x":false,"q":"527464.31048057","V":"6.04819100","Q":"300507.47876325","B":"0"}}
{"e":"kline","E":1619322629556,"s":"BTCUSDT","k":{"t":1619322600000,"T":1619322659999,"s":"BTCUSDT","i":"1m","f":790454572,"L":790454956,"o":"49634.94000000","c":"49720.45000000","h":"49720.45000000","l":"49634.93000000","v":"11.76080800","n":385,"x":false,"q":"584348.30158886","V":"6.88956000","Q":"342328.37201549","B":"0"}}
{"e":"kline","E":1619322631560,"s":"BTCUSDT","k":{"t":1619322600000,"T":1619322659999,"s":"BTCUSDT","i":"1m","f":790454572,"L":790454978,"o":"49634.94000000","c":"49737.55000000","h":"49737.55000000","l":"49634.93000000","v":"11.90553300","n":407,"x":false,"q":"591544.71483300","V":"6.96245500","Q":"345953.18947877","B":"0"}}
{"e":"kline","E":1619322633579,"s":"BTCUSDT","k":{"t":1619322600000,"T":1619322659999,"s":"BTCUSDT","i":"1m","f":790454572,"L":790454996,"o":"49634.94000000","c":"49741.06000000","h":"49741.07000000","l":"49634.93000000","v":"12.15338200","n":425,"x":false,"q":"603872.91044984","V":"6.99049100","Q":"347347.71536881","B":"0"}}
{"e":"kline","E":1619322635600,"s":"BTCUSDT","k":{"t":1619322600000,"T":1619322659999,"s":"BTCUSDT","i":"1m","f":790454572,"L":790455024,"o":"49634.94000000","c":"49734.47000000","h":"49743.10000000","l":"49634.93000000","v":"12.91359300","n":453,"x":false,"q":"641685.71167105","V":"7.40084600","Q":"367759.22957763","B":"0"}}
{"e":"kline","E":1619322637645,"s":"BTCUSDT","k":{"t":1619322600000,"T":1619322659999,"s":"BTCUSDT","i":"1m","f":790454572,"L":790455042,"o":"49634.94000000","c":"49734.62000000","h":"49743.10000000","l":"49634.93000000","v":"13.30445400","n":471,"x":false,"q":"661123.31939657","V":"7.67814600","Q":"381549.00640663","B":"0"}}
{"e":"kline","E":1619322639709,"s":"BTCUSDT","k":{"t":1619322600000,"T":1619322659999,"s":"BTCUSDT","i":"1m","f":790454572,"L":790455068,"o":"49634.94000000","c":"49714.80000000","h":"49743.10000000","l":"49634.93000000","v":"14.13494100","n":497,"x":false,"q":"702416.20117839","V":"7.76115500","Q":"385675.76081626","B":"0"}}
{"e":"kline","E":1619322641891,"s":"BTCUSDT","k":{"t":1619322600000,"T":1619322659999,"s":"BTCUSDT","i":"1m","f":790454572,"L":790455079,"o":"49634.94000000","c":"49724.74000000","h":"49743.10000000","l":"49634.93000000","v":"14.35612800","n":508,"x":false,"q":"713414.73332563","V":"7.95789000","Q":"395458.38996042","B":"0"}}
{"e":"kline","E":1619322643922,"s":"BTCUSDT","k":{"t":1619322600000,"T":1619322659999,"s":"BTCUSDT","i":"1m","f":790454572,"L":790455093,"o":"49634.94000000","c":"49724.74000000","h":"49743.10000000","l":"49634.93000000","v":"15.01035000","n":522,"x":false,"q":"745942.76186311","V":"8.29091000","Q":"412014.73942754","B":"0"}}
{"e":"kline","E":1619322646370,"s":"BTCUSDT","k":{"t":1619322600000,"T":1619322659999,"s":"BTCUSDT","i":"1m","f":790454572,"L":790455106,"o":"49634.94000000","c":"49718.52000000","h":"49743.10000000","l":"49634.93000000","v":"15.54843600","n":535,"x":false,"q":"772698.03001674","V":"8.61522100","Q":"428140.46616234","B":"0"}}
{"e":"kline","E":1619322648433,"s":"BTCUSDT","k":{"t":1619322600000,"T":1619322659999,"s":"BTCUSDT","i":"1m","f":790454572,"L":790455131,"o":"49634.94000000","c":"49743.09000000","h":"49743.10000000","l":"49634.93000000","v":"15.73326600","n":560,"x":false,"q":"781888.11457353","V":"8.76208200","Q":"435442.68907068","B":"0"}}
{"e":"kline","E":1619322651193,"s":"BTCUSDT","k":{"t":1619322600000,"T":1619322659999,"s":"BTCUSDT","i":"1m","f":790454572,"L":790455136,"o":"49634.94000000","c":"49735.90000000","h":"49745.47000000","l":"49634.93000000","v":"15.74306800","n":565,"x":false,"q":"782375.63346061","V":"8.76964000","Q":"435818.60062060","B":"0"}}
{"e":"kline","E":1619322653230,"s":"BTCUSDT","k":{"t":1619322600000,"T":1619322659999,"s":"BTCUSDT","i":"1m","f":790454572,"L":790455150,"o":"49634.94000000","c":"49718.52000000","h":"49745.47000000","l":"49634.93000000","v":"16.78730000","n":579,"x":false,"q":"834302.35955078","V":"8.83466300","Q":"439052.06761575","B":"0"}}
{"e":"kline","E":1619322655675,"s":"BTCUSDT","k":{"t":1619322600000,"T":1619322659999,"s":"BTCUSDT","i":"1m","f":790454572,"L":790455169,"o":"49634.94000000","c":"49712.87000000","h":"49745.47000000","l":"49634.93000000","v":"17.48418600","n":598,"x":false,"q":"868947.60557653","V":"9.18688400","Q":"456561.98792223","B":"0"}}
{"e":"kline","E":1619322658078,"s":"BTCUSDT","k":{"t":1619322600000,"T":1619322659999,"s":"BTCUSDT","i":"1m","f":790454572,"L":790455182,"o":"49634.94000000","c":"49712.88000000","h":"49745.47000000","l":"49634.93000000","v":"17.59009400","n":611,"x":false,"q":"874212.59644534","V":"9.21016900","Q":"457719.55233303","B":"0"}}
{"e":"kline","E":1619322660110,"s":"BTCUSDT","k":{"t":1619322600000,"T":1619322659999,"s":"BTCUSDT","i":"1m","f":790454572,"L":790455195,"o":"49634.94000000","c":"49707.99000000","h":"49745.47000000","l":"49634.93000000","v":"18.02542900","n":624,"x":true,"q":"895854.33962891","V":"9.31335700","Q":"462849.32499447","B":"0"}}
{"e":"kline","E":1619322662156,"s":"BTCUSDT","k":{"t":1619322660000,"T":1619322719999,"s":"BTCUSDT","i":"1m","f":790455196,"L":790455209,"o":"49707.99000000","c":"49708.00000000","h":"49708.00000000","l":"49707.99000000","v":"0.88993300","n":14,"x":false,"q":"44236.78589984","V":"0.52351700","Q":"26022.98303600","B":"0"}}
{"e":"kline","E":1619322664245,"s":"BTCUSDT","k":{"t":1619322660000,"T":1619322719999,"s":"BTCUSDT","i":"1m","f":790455196,"L":790455252,"o":"49707.99000000","c":"49735.90000000","h":"49735.90000000","l":"49707.99000000","v":"4.11699800","n":57,"x":false,"q":"204665.94723016","V":"3.44890600","Q":"171448.57357078","B":"0"}}
{"e":"kline","E":1619322666327,"s":"BTCUSDT","k":{"t":1619322660000,"T":1619322719999,"s":"BTCUSDT","i":"1m","f":790455196,"L":790455265,"o":"49707.99000000","c":"49731.90000000","h":"49744.12000000","l":"49707.99000000","v":"4.18397700","n":70,"x":false,"q":"207997.54510354","V":"3.51128200","Q":"174551.23692988","B":"0"}}
{"e":"kline","E":1619322668341,"s":"BTCUSDT","k":{"t":1619322660000,"T":1619322719999,"s":"BTCUSDT","i":"1m","f":790455196,"L":790455271,"o":"49707.99000000","c":"49731.90000000","h":"49744.12000000","l":"49707.99000000","v":"4.19812100","n":76,"x":false,"q":"208701.04888107","V":"3.52257000","Q":"175112.70637346","B":"0"}}
{"e":"kline","E":1619322670655,"s":"BTCUSDT","k":{"t":1619322660000,"T":1619322719999,"s":"BTCUSDT","i":"1m","f":790455196,"L":790455280,"o":"49707.99000000","c":"49730.27000000","h":"49744.12000000","l":"49707.99000000","v":"4.25521600","n":85,"x":false,"q":"211540.41042049","V":"3.54852600","Q":"176403.51568542","B":"0"}}
{"e":"kline","E":1619322673011,"s":"BTCUSDT","k":{"t":1619322660000,"T":1619322719999,"s":"BTCUSDT","i":"1m","f":790455196,"L":790455289,"o":"49707.99000000","c":"49730.27000000","h":"49744.12000000","l":"49707.99000000","v":"4.32183200","n":94,"x":false,"q":"214853.75088567","V":"3.59382300","Q":"178656.65526711","B":"0"}}
{"e":"kline","E":1619322675105,"s":"BTCUSDT","k":{"t":1619322660000,"T":1619322719999,"s":"BTCUSDT","i":"1m","f":790455196,"L":790455299,"o":"49707.99000000","c":"49711.11000000","h":"49744.12000000","l":"49707.99000000","v":"4.43749500","n":104,"x":false,"q":"220604.73989599","V":"3.59501700","Q":"178716.01535445","B":"0"}}
{"e":"kline","E":1619322677171,"s":"BTCUSDT","k":{"t":1619322660000,"T":1619322719999,"s":"BTCUSDT","i":"1m","f":790455196,"L":790455309,"o":"49707.99000000","c":"49714.17000000","h":"49744.12000000","l":"49707.99000000","v":"4.84608200","n":114,"x":false,"q":"240914.81262431","V":"4.00233500","Q":"198963.00863077","B":"0"}}
{"e":"kline","E":1619322679178,"s":"BTCUSDT","k":{"t":1619322660000,"T":1619322719999,"s":"BTCUSDT","i":"1m","f":790455196,"L":790455316,"o":"49707.99000000","c":"49716.59000000","h":"49744.12000000","l":"49707.99000000","v":"4.94094500","n":121,"x":false,"q":"245630.80798374","V":"4.05978000","Q":"201818.95828740","B":"0"}}
{"e":"kline","E":1619322681306,"s":"BTCUSDT","k":{"t":1619322660000,"T":1619322719999,"s":"BTCUSDT","i":"1m","f":790455196,"L":790455323,"o":"49707.99000000","c":"49716.66000000","h":"49744.12000000","l":"49707.99000000","v":"4.98716900","n":128,"x":false,"q":"247928.91071748","V":"4.09019400","Q":"203331.04078464","B":"0"}}
{"e":"kline","E":1619322683575,"s":"BTCUSDT","k":{"t":1619322660000,"T":1619322719999,"s":"BTCUSDT","i":"1m","f":790455196,"L":790455332,"o":"49707.99000000","c":"49712.88000000","h":"49744.12000000","l":"49707.99000000","v":"5.10033600","n":137,"x":false,"q":"253555.17068390","V":"4.09520900","Q":"203580.36702966","B":"0"}}
{"e":"kline","E":1619322685968,"s":"BTCUSDT","k":{"t":1619322660000,"T":1619322719999,"s":"BTCUSDT","i":"1m","f":790455196,"L":790455341,"o":"49707.99000000","c":"49712.88000000","h":"49744.12000000","l":"49707.99000000","v":"5.49431800","n":146,"x":false,"q":"273141.13847812","V":"4.09974300","Q":"203805.76522758","B":"0"}}
{"e":"kline","E":1619322688208,"s":"BTCUSDT","k":{"t":1619322660000,"T":1619322719999,"s":"BTCUSDT","i":"1m","f":790455196,"L":790455352,"o":"49707.99000000","c":"49710.78000000","h":"49744.12000000","l":"49707.99000000","v":"5.70022100","n":157,"x":false,"q":"283376.96822458","V":"4.12982800","Q":"205301.33681418","B":"0"}}
{"e":"kline","E":1619322690344,"s":"BTCUSDT","k":{"t":1619322660000,"T":1619322719999,"s":"BTCUSDT","i":"1m","f":790455196,"L":790455356,"o":"49707.99000000","c":"49711.82000000","h":"49744.12000000","l":"49707.99000000","v":"5.84599900","n":161,"x":false,"q":"290623.85648980","V":"4.13253200","Q":"205435.75757546","B":"0"}}
{"e":"kline","E":1619322692494,"s":"BTCUSDT","k":{"t":1619322660000,"T":1619322719999,"s":"BTCUSDT","i":"1m","f":790455196,"L":790455377,"o":"49707.99000000","c":"49700.16000000","h":"49744.12000000","l":"49700.16000000","v":"6.55890200","n":182,"x":false,"q":"326059.94958453","V":"4.15634100","Q":"206619.07735994","B":"0"}}
{"e":"kline","E":1619322694594,"s":"BTCUSDT","k":{"t":1619322660000,"T":1619322719999,"s":"BTCUSDT","i":"1m","f":790455196,"L":790455391,"o":"49707.99000000","c":"49697.63000000","h":"49744.12000000","l":"49697.63000000","v":"6.73645000","n":196,"x":false,"q":"334884.06593071","V":"4.17945000","Q":"207767.59513898","B":"0"}}
{"e":"kline","E":1619322696600,"s":"BTCUSDT","k":{"t":1619322660000,"T":1619322719999,"s":"BTCUSDT","i":"1m","f":790455196,"L":790455411,"o":"49707.99000000","c":"49708.64000000","h":"49744.12000000","l":"49695.51000000","v":"7.07218700","n":216,"x":false,"q":"351573.16909869","V":"4.21308200","Q":"209439.52304029","B":"0"}}
{"e":"kline","E":1619322698657,"s":"BTCUSDT","k":{"t":1619322660000,"T":1619322719999,"s":"BTCUSDT","i":"1m","f":790455196,"L":790455418,"o":"49707.99000000","c":"49702.35000000","h":"49744.12000000","l":"49695.51000000","v":"7.14090400","n":223,"x":false,"q":"354988.63723051","V":"4.22589800","Q":"210076.50848605","B":"0"}}
{"e":"kline","E":1619322700676,"s":"BTCUSDT","k":{"t":1619322660000,"T":1619322719999,"s":"BTCUSDT","i":"1m","f":790455196,"L":790455423,"o":"49707.99000000","c":"49702.35000000","h":"49744.12000000","l":"49695.51000000","v":"7.15544500","n":228,"x":false,"q":"355711.35912330","V":"4.22804200","Q":"210183.07034589","B":"0"}}
{"e":"kline","E":1619322702689,"s":"BTCUSDT","k":{"t":1619322660000,"T":1619322719999,"s":"BTCUSDT","i":"1m","f":790455196,"L":790455441,"o":"49707.99000000","c":"49686.75000000","h":"49744.12000000","l":"49686.75000000","v":"7.44263900","n":246,"x":false,"q":"369984.57901767","V":"4.27272800","Q":"212404.04716645","B":"0"}}
{"e":"kline","E":1619322704773,"s":"BTCUSDT","k":{"t":1619322660000,"T":1619322719999,"s":"BTCUSDT","i":"1m","f":790455196,"L":790455468,"o":"49707.99000000","c":"49684.74000000","h":"49744.12000000","l":"49684.73000000","v":"8.37577000","n":273,"x":false,"q":"416351.03283203","V":"4.67391400","Q":"232338.92865681","B":"0"}}
{"e":"kline","E":1619322707403,"s":"BTCUSDT","k":{"t":1619322660000,"T":1619322719999,"s":"BTCUSDT","i":"1m","f":790455196,"L":790455474,"o":"49707.99000000","c":"49685.49000000","h":"49744.12000000","l":"49684.73000000","v":"8.40093800","n":279,"x":false,"q":"417601.51370395","V":"4.69833900","Q":"233552.49320966","B":"0"}}
{"e":"kline","E":1619322709696,"s":"BTCUSDT","k":{"t":1619322660000,"T":1619322719999,"s":"BTCUSDT","i":"1m","f":790455196,"L":790455484,"o":"49707.99000000","c":"49701.76000000","h":"49744.12000000","l":"49684.73000000","v":"8.58859600","n":289,"x":false,"q":"426926.90968946","V":"4.75864700","Q":"236549.70855982","B":"0"}}
{"e":"kline","E":1619322711776,"s":"BTCUSDT","k":{"t":1619322660000,"T":1619322719999,"s":"BTCUSDT","i":"1m","f":790455196,"L":790455498,"o":"49707.99000000","c":"49692.76000000","h":"49744.12000000","l":"49684.73000000","v":"8.78163400","n":303,"x":false,"q":"436519.65367331","V":"4.89949800","Q":"243549.13633979","B":"0"}}
{"e":"kline","E":1619322713850,"s":"BTCUSDT","k":{"t":1619322660000,"T":1619322719999,"s":"BTCUSDT","i":"1m","f":790455196,"L":790455516,"o":"49707.99000000","c":"49689.98000000","h":"49744.12000000","l":"49684.73000000","v":"9.16895400","n":321,"x":false,"q":"455765.93022203","V":"4.95529900","Q":"246321.93069724","B":"0"}}
{"e":"kline","E":1619322715905,"s":"BTCUSDT","k":{"t":1619322660000,"T":1619322719999,"s":"BTCUSDT","i":"1m","f":790455196,"L":790455527,"o":"49707.99000000","c":"49684.73000000","h":"49744.12000000","l":"49684.73000000","v":"9.24920300","n":332,"x":false,"q":"459753.25236276","V":"4.95604200","Q":"246358.84645906","B":"0"}}
{"e":"kline","E":1619322717980,"s":"BTCUSDT","k":{"t":1619322660000,"T":1619322719999,"s":"BTCUSDT","i":"1m","f":790455196,"L":790455550,"o":"49707.99000000","c":"49680.92000000","h":"49744.12000000","l":"49680.92000000","v":"10.31470000","n":355,"x":false,"q":"512690.14074840","V":"5.44693000","Q":"270747.08239203","B":"0"}}
{"e":"kline","E":1619322720320,"s":"BTCUSDT","k":{"t":1619322660000,"T":1619322719999,"s":"BTCUSDT","i":"1m","f":790455196,"L":790455577,"o":"49707.99000000","c":"49666.06000000","h":"49744.12000000","l":"49663.01000000","v":"11.56293800","n":382,"x":true,"q":"574687.30533358","V":"5.83561400","Q":"290052.34360950","B":"0"}}
{"e":"kline","E":1619322722391,"s":"BTCUSDT","k":{"t":1619322720000,"T":1619322779999,"s":"BTCUSDT","i":"1m","f":790455578,"L":790455592,"o":"49666.05000000","c":"49666.05000000","h":"49671.17000000","l":"49666.05000000","v":"0.43032000","n":15,"x":false,"q":"21372.42218694","V":"0.10078500","Q":"5005.63972956","B":"0"}}
